site,kind,ym,vh
R12,damaged,2017-01,-14.88441276550293
R12,intact,2017-01,-15.274369239807129
R12,damaged,2017-02,-14.165160179138184
R12,intact,2017-02,-14.562800407409668
R12,damaged,2017-03,-13.433733940124512
R12,intact,2017-03,-13.757353782653809
R12,damaged,2017-04,-13.549139976501465
R12,intact,2017-04,-13.905869483947754
R12,damaged,2017-05,-14.148720741271973
R12,intact,2017-05,-14.2588472366333
R12,damaged,2017-06,-14.526616096496582
R12,intact,2017-06,-14.50627613067627
R12,damaged,2017-07,-14.267590522766113
R12,intact,2017-07,-14.283428192138672
R12,damaged,2017-08,-14.597187995910645
R12,intact,2017-08,-14.632474899291992
R12,damaged,2017-09,-15.018447875976562
R12,intact,2017-09,-15.01963996887207
R12,damaged,2017-10,-14.455988883972168
R12,intact,2017-10,-14.535618782043457
R12,damaged,2017-11,-13.660008430480957
R12,intact,2017-11,-13.909377098083496
R12,damaged,2017-12,-13.643688201904297
R12,intact,2017-12,-13.933117866516113
R12,damaged,2018-01,-13.720662117004395
R12,intact,2018-01,-13.994462013244629
R12,damaged,2018-02,-14.872350692749023
R12,intact,2018-02,-15.142833709716797
R12,damaged,2018-03,-14.457530975341797
R12,intact,2018-03,-14.717312812805176
R12,damaged,2018-04,-13.653963088989258
R12,intact,2018-04,-13.88000202178955
R12,damaged,2018-05,-15.093733787536621
R12,intact,2018-05,-14.89742374420166
R12,damaged,2018-06,-14.947073936462402
R12,intact,2018-06,-14.850859642028809
R12,damaged,2018-07,-14.870593070983887
R12,intact,2018-07,-14.785537719726562
R12,damaged,2018-08,-15.143513679504395
R12,intact,2018-08,-14.96828556060791
R12,damaged,2018-09,-15.426849365234375
R12,intact,2018-09,-15.294700622558594
R12,damaged,2018-10,-15.438227653503418
R12,intact,2018-10,-15.368379592895508
R12,damaged,2018-11,-14.468778610229492
R12,intact,2018-11,-14.69717025756836
R12,damaged,2018-12,-13.789673805236816
R12,intact,2018-12,-14.084336280822754
R12,damaged,2019-01,-14.3206148147583
R12,intact,2019-01,-14.562590599060059
R12,damaged,2019-02,-14.002909660339355
R12,intact,2019-02,-14.201741218566895
R12,damaged,2019-03,-13.841535568237305
R12,intact,2019-03,-14.108637809753418
R12,damaged,2019-04,-14.202268600463867
R12,intact,2019-04,-14.38821029663086
R12,damaged,2019-05,-15.419175148010254
R12,intact,2019-05,-15.256500244140625
R12,damaged,2019-06,-14.521607398986816
R12,intact,2019-06,-14.574108123779297
R12,damaged,2019-07,-14.824085235595703
R12,intact,2019-07,-14.908363342285156
R12,damaged,2019-08,-14.899307250976562
R12,intact,2019-08,-14.948802947998047
R12,damaged,2019-09,-15.01687240600586
R12,intact,2019-09,-15.2420072555542
R12,damaged,2019-10,-14.879317283630371
R12,intact,2019-10,-15.029823303222656
R12,damaged,2019-11,-14.089670181274414
R12,intact,2019-11,-14.369974136352539
R12,damaged,2019-12,-13.799637794494629
R12,intact,2019-12,-14.116602897644043
R12,damaged,2020-01,-13.98348617553711
R12,intact,2020-01,-14.300537109375
R12,damaged,2020-02,-13.59987735748291
R12,intact,2020-02,-13.920276641845703
R12,damaged,2020-03,-13.858550071716309
R12,intact,2020-03,-14.209894180297852
R12,damaged,2020-04,-13.929370880126953
R12,intact,2020-04,-14.267943382263184
R12,damaged,2020-05,-15.314298629760742
R12,intact,2020-05,-15.224175453186035
R12,damaged,2020-06,-14.906641006469727
R12,intact,2020-06,-14.816353797912598
R12,damaged,2020-07,-15.090442657470703
R12,intact,2020-07,-15.009025573730469
R12,damaged,2020-08,-14.885635375976562
R12,intact,2020-08,-14.799744606018066
R12,damaged,2020-09,-15.1763277053833
R12,intact,2020-09,-15.179515838623047
R12,damaged,2020-10,-15.011517524719238
R12,intact,2020-10,-15.051972389221191
R12,damaged,2020-11,-14.04592227935791
R12,intact,2020-11,-14.417226791381836
R12,damaged,2020-12,-14.097711563110352
R12,intact,2020-12,-14.434020042419434
R12,damaged,2021-01,-14.271503448486328
R12,intact,2021-01,-14.588311195373535
R12,damaged,2021-02,-14.674077033996582
R12,intact,2021-02,-14.940189361572266
R12,damaged,2021-03,-14.26149845123291
R12,intact,2021-03,-14.497156143188477
R12,damaged,2021-04,-13.90388298034668
R12,intact,2021-04,-14.173434257507324
R12,damaged,2021-05,-14.712603569030762
R12,intact,2021-05,-14.541887283325195
R12,damaged,2021-06,-15.013991355895996
R12,intact,2021-06,-14.860369682312012
R12,damaged,2021-07,-14.906539916992188
R12,intact,2021-07,-14.760433197021484
R12,damaged,2021-08,-15.146093368530273
R12,intact,2021-08,-15.005913734436035
R12,damaged,2021-09,-15.439970016479492
R12,intact,2021-09,-15.269007682800293
R12,damaged,2021-10,-15.557292938232422
R12,intact,2021-10,-15.488819122314453
R12,damaged,2021-11,-14.033937454223633
R12,intact,2021-11,-14.289085388183594
R12,damaged,2021-12,-14.22359848022461
R12,intact,2021-12,-14.520235061645508
R12,damaged,2022-01,-14.023799896240234
R12,intact,2022-01,-14.298821449279785
R12,damaged,2022-02,-13.977558135986328
R12,intact,2022-02,-14.186185836791992
R12,damaged,2022-03,-14.478440284729004
R12,intact,2022-03,-14.65140151977539
R12,damaged,2022-04,-14.212250709533691
R12,intact,2022-04,-14.302511215209961
R12,damaged,2022-05,-15.024807929992676
R12,intact,2022-05,-14.742398262023926
R12,damaged,2022-06,-14.956400871276855
R12,intact,2022-06,-14.880672454833984
R12,damaged,2022-07,-14.867135047912598
R12,intact,2022-07,-14.869556427001953
R12,damaged,2022-08,-15.026395797729492
R12,intact,2022-08,-14.999454498291016
R12,damaged,2022-09,-15.049628257751465
R12,intact,2022-09,-15.119217872619629
R12,damaged,2022-10,-15.023365020751953
R12,intact,2022-10,-15.125120162963867
R12,damaged,2022-11,-14.165068626403809
R12,intact,2022-11,-14.442715644836426
R12,damaged,2022-12,-14.311636924743652
R12,intact,2022-12,-14.66788387298584
R12,damaged,2023-01,-13.85684871673584
R12,intact,2023-01,-14.134127616882324
R12,damaged,2023-02,-14.577286720275879
R12,intact,2023-02,-14.799787521362305
R12,damaged,2023-03,-13.85062026977539
R12,intact,2023-03,-14.116843223571777
R12,damaged,2023-04,-13.813950538635254
R12,intact,2023-04,-14.083436965942383
R12,damaged,2023-05,-15.07794189453125
R12,intact,2023-05,-14.842557907104492
R12,damaged,2023-06,-14.969610214233398
R12,intact,2023-06,-14.840508460998535
R12,damaged,2023-07,-15.068412780761719
R12,intact,2023-07,-14.866661071777344
R12,damaged,2023-08,-14.93825626373291
R12,intact,2023-08,-14.810102462768555
R12,damaged,2023-09,-15.374429702758789
R12,intact,2023-09,-15.255570411682129
R12,damaged,2023-10,-15.32052993774414
R12,intact,2023-10,-15.153616905212402
R12,damaged,2023-11,-14.508682250976562
R12,intact,2023-11,-14.673020362854004
R12,damaged,2023-12,-13.85580062866211
R12,intact,2023-12,-14.064884185791016
R12,damaged,2024-01,-14.751058578491211
R12,intact,2024-01,-14.966890335083008
R12,damaged,2024-02,-13.515852928161621
R12,intact,2024-02,-13.653221130371094
R12,damaged,2024-03,-14.184874534606934
R12,intact,2024-03,-14.246312141418457
R12,damaged,2024-04,-14.129737854003906
R12,intact,2024-04,-14.19620132446289
R12,damaged,2024-05,-15.273582458496094
R12,intact,2024-05,-14.904829978942871
R12,damaged,2024-06,-15.155960083007812
R12,intact,2024-06,-14.946934700012207
R12,damaged,2024-07,-14.944954872131348
R12,intact,2024-07,-14.787942886352539
R12,damaged,2024-08,-15.132416725158691
R12,intact,2024-08,-14.944993019104004
R12,damaged,2024-09,-15.233477592468262
R12,intact,2024-09,-15.125470161437988
R12,damaged,2024-10,-15.583370208740234
R12,intact,2024-10,-15.454583168029785
R12,damaged,2024-11,-14.358316421508789
R12,intact,2024-11,-14.49807357788086
R12,damaged,2024-12,-13.825429916381836
R12,intact,2024-12,-14.071332931518555
R12,damaged,2025-01,-14.160030364990234
R12,intact,2025-01,-14.333338737487793
R12,damaged,2025-02,-15.119172096252441
R12,intact,2025-02,-15.277812957763672
R12,damaged,2025-03,-14.358662605285645
R12,intact,2025-03,-14.499963760375977
R12,damaged,2025-04,-14.494449615478516
R12,intact,2025-04,-14.543878555297852
R12,damaged,2025-05,-15.889366149902344
R12,intact,2025-05,-15.491263389587402
R12,damaged,2025-06,-15.303945541381836
R12,intact,2025-06,-14.974021911621094
R12,damaged,2025-07,-15.477849006652832
R12,intact,2025-07,-14.689043998718262
R12,damaged,2025-08,-16.08233070373535
R12,intact,2025-08,-15.0626220703125
R12,damaged,2025-09,-16.211421966552734
R12,intact,2025-09,-15.226324081420898
R12,damaged,2025-10,-16.068862915039062
R12,intact,2025-10,-15.227065086364746
R12,damaged,2025-11,-15.201483726501465
R12,intact,2025-11,-14.447372436523438
R12,damaged,2025-12,-15.145215034484863
R12,intact,2025-12,-14.535236358642578
R12,damaged,2026-01,-16.652917861938477
R12,intact,2026-01,-15.794621467590332
R12,damaged,2026-02,-15.764872550964355
R12,intact,2026-02,-15.108068466186523
R12,damaged,2026-03,-15.293169975280762
R12,intact,2026-03,-14.28558349609375
R12,damaged,2026-04,-15.181486129760742
R12,intact,2026-04,-14.106870651245117
R12,damaged,2026-05,-16.10662078857422
R12,intact,2026-05,-14.790319442749023
R12,damaged,2026-06,-15.962136268615723
R12,intact,2026-06,-14.635858535766602
R12,damaged,2026-07,-16.20867347717285
R12,intact,2026-07,-14.830597877502441
R12,damaged,2026-08,-15.742773056030273
R12,intact,2026-08,-14.609138488769531
R12,damaged,2026-09,-16.085241317749023
R12,intact,2026-09,-14.903564453125
R13,damaged,2017-01,-15.775185585021973
R13,intact,2017-01,-16.187297821044922
R13,damaged,2017-02,-15.017349243164062
R13,intact,2017-02,-15.39824390411377
R13,damaged,2017-03,-14.097443580627441
R13,intact,2017-03,-14.573134422302246
R13,damaged,2017-04,-14.270613670349121
R13,intact,2017-04,-14.725221633911133
R13,damaged,2017-05,-14.29453182220459
R13,intact,2017-05,-14.72236442565918
R13,damaged,2017-06,-14.472411155700684
R13,intact,2017-06,-14.850176811218262
R13,damaged,2017-07,-14.268213272094727
R13,intact,2017-07,-14.551104545593262
R13,damaged,2017-08,-14.52160930633545
R13,intact,2017-08,-14.863823890686035
R13,damaged,2017-09,-14.916522026062012
R13,intact,2017-09,-15.305416107177734
R13,damaged,2017-10,-14.39681339263916
R13,intact,2017-10,-14.799361228942871
R13,damaged,2017-11,-14.107355117797852
R13,intact,2017-11,-14.464858055114746
R13,damaged,2017-12,-14.325428009033203
R13,intact,2017-12,-14.692028999328613
R13,damaged,2018-01,-14.394889831542969
R13,intact,2018-01,-14.726408004760742
R13,damaged,2018-02,-15.661419868469238
R13,intact,2018-02,-16.0672550201416
R13,damaged,2018-03,-15.19460678100586
R13,intact,2018-03,-15.586824417114258
R13,damaged,2018-04,-14.20738697052002
R13,intact,2018-04,-14.562926292419434
R13,damaged,2018-05,-14.786200523376465
R13,intact,2018-05,-15.148237228393555
R13,damaged,2018-06,-14.806804656982422
R13,intact,2018-06,-15.165499687194824
R13,damaged,2018-07,-14.830364227294922
R13,intact,2018-07,-15.154727935791016
R13,damaged,2018-08,-15.006084442138672
R13,intact,2018-08,-15.348361015319824
R13,damaged,2018-09,-15.298056602478027
R13,intact,2018-09,-15.690301895141602
R13,damaged,2018-10,-15.508784294128418
R13,intact,2018-10,-15.828277587890625
R13,damaged,2018-11,-15.120002746582031
R13,intact,2018-11,-15.433178901672363
R13,damaged,2018-12,-14.645940780639648
R13,intact,2018-12,-14.923797607421875
R13,damaged,2019-01,-15.229042053222656
R13,intact,2019-01,-15.458767890930176
R13,damaged,2019-02,-14.960137367248535
R13,intact,2019-02,-15.168200492858887
R13,damaged,2019-03,-14.780716896057129
R13,intact,2019-03,-14.986875534057617
R13,damaged,2019-04,-15.178674697875977
R13,intact,2019-04,-15.28085708618164
R13,damaged,2019-05,-15.488885879516602
R13,intact,2019-05,-15.566043853759766
R13,damaged,2019-06,-14.885170936584473
R13,intact,2019-06,-14.929936408996582
R13,damaged,2019-07,-15.16855239868164
R13,intact,2019-07,-15.250279426574707
R13,damaged,2019-08,-15.273600578308105
R13,intact,2019-08,-15.266901016235352
R13,damaged,2019-09,-15.449585914611816
R13,intact,2019-09,-15.59563159942627
R13,damaged,2019-10,-15.163630485534668
R13,intact,2019-10,-15.328279495239258
R13,damaged,2019-11,-14.782450675964355
R13,intact,2019-11,-14.948678970336914
R13,damaged,2019-12,-14.871312141418457
R13,intact,2019-12,-14.985634803771973
R13,damaged,2020-01,-15.11837100982666
R13,intact,2020-01,-15.227203369140625
R13,damaged,2020-02,-14.680391311645508
R13,intact,2020-02,-14.764841079711914
R13,damaged,2020-03,-15.118074417114258
R13,intact,2020-03,-15.139971733093262
R13,damaged,2020-04,-15.304617881774902
R13,intact,2020-04,-15.183258056640625
R13,damaged,2020-05,-15.623897552490234
R13,intact,2020-05,-15.515594482421875
R13,damaged,2020-06,-15.186197280883789
R13,intact,2020-06,-15.121809005737305
R13,damaged,2020-07,-15.450758934020996
R13,intact,2020-07,-15.358410835266113
R13,damaged,2020-08,-15.321823120117188
R13,intact,2020-08,-15.223523139953613
R13,damaged,2020-09,-15.60195541381836
R13,intact,2020-09,-15.533211708068848
R13,damaged,2020-10,-15.258633613586426
R13,intact,2020-10,-15.306577682495117
R13,damaged,2020-11,-15.102293014526367
R13,intact,2020-11,-15.151473045349121
R13,damaged,2020-12,-15.277942657470703
R13,intact,2020-12,-15.376916885375977
R13,damaged,2021-01,-15.478581428527832
R13,intact,2021-01,-15.569799423217773
R13,damaged,2021-02,-15.922635078430176
R13,intact,2021-02,-15.929522514343262
R13,damaged,2021-03,-15.5880126953125
R13,intact,2021-03,-15.559846878051758
R13,damaged,2021-04,-15.28947639465332
R13,intact,2021-04,-15.1779146194458
R13,damaged,2021-05,-15.24458122253418
R13,intact,2021-05,-15.094573974609375
R13,damaged,2021-06,-15.440678596496582
R13,intact,2021-06,-15.256868362426758
R13,damaged,2021-07,-15.313664436340332
R13,intact,2021-07,-15.111603736877441
R13,damaged,2021-08,-15.494321823120117
R13,intact,2021-08,-15.297883987426758
R13,damaged,2021-09,-15.743782043457031
R13,intact,2021-09,-15.614742279052734
R13,damaged,2021-10,-15.90363883972168
R13,intact,2021-10,-15.822663307189941
R13,damaged,2021-11,-15.08314037322998
R13,intact,2021-11,-15.080293655395508
R13,damaged,2021-12,-15.41182804107666
R13,intact,2021-12,-15.353250503540039
R13,damaged,2022-01,-15.268494606018066
R13,intact,2022-01,-15.231488227844238
R13,damaged,2022-02,-15.15912914276123
R13,intact,2022-02,-15.092267036437988
R13,damaged,2022-03,-15.84177017211914
R13,intact,2022-03,-15.657614707946777
R13,damaged,2022-04,-15.465418815612793
R13,intact,2022-04,-15.187439918518066
R13,damaged,2022-05,-15.438164710998535
R13,intact,2022-05,-15.170442581176758
R13,damaged,2022-06,-15.653692245483398
R13,intact,2022-06,-15.380681037902832
R13,damaged,2022-07,-15.492494583129883
R13,intact,2022-07,-15.299113273620605
R13,damaged,2022-08,-15.548672676086426
R13,intact,2022-08,-15.340047836303711
R13,damaged,2022-09,-15.633735656738281
R13,intact,2022-09,-15.555997848510742
R13,damaged,2022-10,-15.578510284423828
R13,intact,2022-10,-15.525472640991211
R13,damaged,2022-11,-15.132461547851562
R13,intact,2022-11,-15.204559326171875
R13,damaged,2022-12,-15.405531883239746
R13,intact,2022-12,-15.482417106628418
R13,damaged,2023-01,-15.023871421813965
R13,intact,2023-01,-14.9700927734375
R13,damaged,2023-02,-15.801000595092773
R13,intact,2023-02,-15.720779418945312
R13,damaged,2023-03,-15.135769844055176
R13,intact,2023-03,-15.032392501831055
R13,damaged,2023-04,-15.256643295288086
R13,intact,2023-04,-15.044195175170898
R13,damaged,2023-05,-15.669987678527832
R13,intact,2023-05,-15.348821640014648
R13,damaged,2023-06,-15.577059745788574
R13,intact,2023-06,-15.293923377990723
R13,damaged,2023-07,-15.50797176361084
R13,intact,2023-07,-15.209222793579102
R13,damaged,2023-08,-15.387076377868652
R13,intact,2023-08,-15.139201164245605
R13,damaged,2023-09,-15.867507934570312
R13,intact,2023-09,-15.550063133239746
R13,damaged,2023-10,-15.63499927520752
R13,intact,2023-10,-15.50436019897461
R13,damaged,2023-11,-15.45880126953125
R13,intact,2023-11,-15.421065330505371
R13,damaged,2023-12,-14.802976608276367
R13,intact,2023-12,-14.853472709655762
R13,damaged,2024-01,-15.942398071289062
R13,intact,2024-01,-15.853221893310547
R13,damaged,2024-02,-14.631925582885742
R13,intact,2024-02,-14.533111572265625
R13,damaged,2024-03,-15.356698036193848
R13,intact,2024-03,-15.122636795043945
R13,damaged,2024-04,-15.307822227478027
R13,intact,2024-04,-14.93519401550293
R13,damaged,2024-05,-15.631404876708984
R13,intact,2024-05,-15.347406387329102
R13,damaged,2024-06,-15.641536712646484
R13,intact,2024-06,-15.401182174682617
R13,damaged,2024-07,-15.430765151977539
R13,intact,2024-07,-15.160065650939941
R13,damaged,2024-08,-15.587315559387207
R13,intact,2024-08,-15.336214065551758
R13,damaged,2024-09,-15.686314582824707
R13,intact,2024-09,-15.503003120422363
R13,damaged,2024-10,-15.96456527709961
R13,intact,2024-10,-15.853208541870117
R13,damaged,2024-11,-15.203771591186523
R13,intact,2024-11,-15.232959747314453
R13,damaged,2024-12,-14.771273612976074
R13,intact,2024-12,-14.864911079406738
R13,damaged,2025-01,-15.20383071899414
R13,intact,2025-01,-15.191274642944336
R13,damaged,2025-02,-16.61983871459961
R13,intact,2025-02,-16.4444522857666
R13,damaged,2025-03,-15.827954292297363
R13,intact,2025-03,-15.501880645751953
R13,damaged,2025-04,-15.768926620483398
R13,intact,2025-04,-15.404037475585938
R13,damaged,2025-05,-16.239015579223633
R13,intact,2025-05,-15.910297393798828
R13,damaged,2025-06,-15.708234786987305
R13,intact,2025-06,-15.408854484558105
R13,damaged,2025-07,-15.477404594421387
R13,intact,2025-07,-15.017745018005371
R13,damaged,2025-08,-16.11507225036621
R13,intact,2025-08,-15.440750122070312
R13,damaged,2025-09,-16.18347930908203
R13,intact,2025-09,-15.623868942260742
R13,damaged,2025-10,-16.000856399536133
R13,intact,2025-10,-15.70616626739502
R13,damaged,2025-11,-15.576519966125488
R13,intact,2025-11,-15.270125389099121
R13,damaged,2025-12,-15.673552513122559
R13,intact,2025-12,-15.396937370300293
R13,damaged,2026-01,-17.4339542388916
R13,intact,2026-01,-16.82575035095215
R13,damaged,2026-02,-16.418685913085938
R13,intact,2026-02,-16.020164489746094
R13,damaged,2026-03,-15.786857604980469
R13,intact,2026-03,-15.222837448120117
R13,damaged,2026-04,-15.79705810546875
R13,intact,2026-04,-14.989534378051758
R13,damaged,2026-05,-16.08091926574707
R13,intact,2026-05,-15.232474327087402
R13,damaged,2026-06,-16.02706527709961
R13,intact,2026-06,-15.22582721710205
R13,damaged,2026-07,-16.134977340698242
R13,intact,2026-07,-15.406785011291504
R13,damaged,2026-08,-15.828391075134277
R13,intact,2026-08,-15.181119918823242
R13,damaged,2026-09,-16.078887939453125
R13,intact,2026-09,-15.45964527130127
